EmployeeKey,PeriodDateKey,Period,RuleCode,RuleDescription,Evidence,Method
2,20250901,2025-09,LATE_RATE_30,Late on at least 30% of attended days (minimum 5 attended days),7/21 days late,rule
10,20250901,2025-09,ABSENCE_3PLUS,3 or more unexcused absences in the month,3 absences,rule
10,20250901,2025-09,SCORE_BELOW_THRESHOLD,Weighted performance score below the review threshold,2.15 < 3.00,rule
11,20250901,2025-09,ABSENCE_3PLUS,3 or more unexcused absences in the month,4 absences,rule
11,20250901,2025-09,LATE_RATE_30,Late on at least 30% of attended days (minimum 5 attended days),8/17 days late,rule
11,20250901,2025-09,SCORE_BELOW_THRESHOLD,Weighted performance score below the review threshold,2.10 < 3.00,rule
15,20250901,2025-09,SCORE_BELOW_THRESHOLD,Weighted performance score below the review threshold,2.50 < 3.00,rule
16,20250901,2025-09,SCORE_BELOW_THRESHOLD,Weighted performance score below the review threshold,2.70 < 3.00,rule
19,20250901,2025-09,SCORE_BELOW_THRESHOLD,Weighted performance score below the review threshold,2.90 < 3.00,rule
26,20250901,2025-09,LATE_RATE_30,Late on at least 30% of attended days (minimum 5 attended days),7/21 days late,rule
26,20250901,2025-09,SCORE_BELOW_THRESHOLD,Weighted performance score below the review threshold,2.00 < 3.00,rule
32,20250901,2025-09,SCORE_BELOW_THRESHOLD,Weighted performance score below the review threshold,2.70 < 3.00,rule
36,20250901,2025-09,SCORE_BELOW_THRESHOLD,Weighted performance score below the review threshold,2.80 < 3.00,rule
46,20250901,2025-09,SCORE_BELOW_THRESHOLD,Weighted performance score below the review threshold,2.90 < 3.00,rule
71,20250901,2025-09,SCORE_BELOW_THRESHOLD,Weighted performance score below the review threshold,2.85 < 3.00,rule
77,20250901,2025-09,SCORE_BELOW_THRESHOLD,Weighted performance score below the review threshold,2.70 < 3.00,rule
84,20250901,2025-09,INCOMPLETE_3PLUS,3 or more days with a single punch (missing IN or OUT),3 days,rule
85,20250901,2025-09,ABSENCE_3PLUS,3 or more unexcused absences in the month,3 absences,rule
100,20250901,2025-09,ABSENCE_3PLUS,3 or more unexcused absences in the month,5 absences,rule
100,20250901,2025-09,SCORE_BELOW_THRESHOLD,Weighted performance score below the review threshold,1.80 < 3.00,rule
13,20251001,2025-10,SCORE_BELOW_THRESHOLD,Weighted performance score below the review threshold,2.45 < 3.00,rule
16,20251001,2025-10,ABSENCE_3PLUS,3 or more unexcused absences in the month,3 absences,rule
16,20251001,2025-10,SCORE_BELOW_THRESHOLD,Weighted performance score below the review threshold,2.20 < 3.00,rule
22,20251001,2025-10,INCOMPLETE_3PLUS,3 or more days with a single punch (missing IN or OUT),3 days,rule
31,20251001,2025-10,LATE_RATE_30,Late on at least 30% of attended days (minimum 5 attended days),7/21 days late,rule
31,20251001,2025-10,SCORE_BELOW_THRESHOLD,Weighted performance score below the review threshold,2.80 < 3.00,rule
39,20251001,2025-10,SCORE_BELOW_THRESHOLD,Weighted performance score below the review threshold,2.85 < 3.00,rule
45,20251001,2025-10,ABSENCE_3PLUS,3 or more unexcused absences in the month,3 absences,rule
46,20251001,2025-10,LATE_RATE_30,Late on at least 30% of attended days (minimum 5 attended days),7/20 days late,rule
46,20251001,2025-10,SCORE_BELOW_THRESHOLD,Weighted performance score below the review threshold,2.05 < 3.00,rule
49,20251001,2025-10,SCORE_DROP_1,Weighted score dropped by 1.0 or more versus the previous month,4.20 -> 3.00,rule
51,20251001,2025-10,SCORE_BELOW_THRESHOLD,Weighted performance score below the review threshold,2.85 < 3.00,rule
68,20251001,2025-10,SCORE_BELOW_THRESHOLD,Weighted performance score below the review threshold,2.70 < 3.00,rule
71,20251001,2025-10,SCORE_BELOW_THRESHOLD,Weighted performance score below the review threshold,2.90 < 3.00,rule
72,20251001,2025-10,SCORE_BELOW_THRESHOLD,Weighted performance score below the review threshold,2.80 < 3.00,rule
73,20251001,2025-10,SCORE_BELOW_THRESHOLD,Weighted performance score below the review threshold,2.70 < 3.00,rule
77,20251001,2025-10,INCOMPLETE_3PLUS,3 or more days with a single punch (missing IN or OUT),3 days,rule
77,20251001,2025-10,SCORE_BELOW_THRESHOLD,Weighted performance score below the review threshold,2.70 < 3.00,rule
88,20251001,2025-10,LATE_RATE_30,Late on at least 30% of attended days (minimum 5 attended days),9/21 days late,rule
88,20251001,2025-10,SCORE_BELOW_THRESHOLD,Weighted performance score below the review threshold,2.95 < 3.00,rule
92,20251001,2025-10,SCORE_BELOW_THRESHOLD,Weighted performance score below the review threshold,2.65 < 3.00,rule
99,20251001,2025-10,ABSENCE_3PLUS,3 or more unexcused absences in the month,4 absences,rule
100,20251001,2025-10,SCORE_BELOW_THRESHOLD,Weighted performance score below the review threshold,2.80 < 3.00,rule
106,20251001,2025-10,LATE_RATE_30,Late on at least 30% of attended days (minimum 5 attended days),6/20 days late,rule
106,20251001,2025-10,SCORE_BELOW_THRESHOLD,Weighted performance score below the review threshold,2.45 < 3.00,rule
11,20251101,2025-11,SCORE_BELOW_THRESHOLD,Weighted performance score below the review threshold,2.70 < 3.00,rule
16,20251101,2025-11,LATE_RATE_30,Late on at least 30% of attended days (minimum 5 attended days),9/20 days late,rule
16,20251101,2025-11,SCORE_BELOW_THRESHOLD,Weighted performance score below the review threshold,2.20 < 3.00,rule
24,20251101,2025-11,SCORE_DROP_1,Weighted score dropped by 1.0 or more versus the previous month,4.10 -> 3.00,rule
31,20251101,2025-11,SCORE_BELOW_THRESHOLD,Weighted performance score below the review threshold,2.80 < 3.00,rule
46,20251101,2025-11,SCORE_BELOW_THRESHOLD,Weighted performance score below the review threshold,2.45 < 3.00,rule
72,20251101,2025-11,SCORE_BELOW_THRESHOLD,Weighted performance score below the review threshold,2.50 < 3.00,rule
95,20251101,2025-11,SCORE_DROP_1,Weighted score dropped by 1.0 or more versus the previous month,4.25 -> 3.05,rule
97,20251101,2025-11,SCORE_BELOW_THRESHOLD,Weighted performance score below the review threshold,2.90 < 3.00,rule
100,20251101,2025-11,SCORE_BELOW_THRESHOLD,Weighted performance score below the review threshold,2.80 < 3.00,rule
102,20251101,2025-11,SCORE_BELOW_THRESHOLD,Weighted performance score below the review threshold,2.40 < 3.00,rule
106,20251101,2025-11,LATE_RATE_30,Late on at least 30% of attended days (minimum 5 attended days),7/21 days late,rule
106,20251101,2025-11,SCORE_BELOW_THRESHOLD,Weighted performance score below the review threshold,2.65 < 3.00,rule
1,20251201,2025-12,SCORE_BELOW_THRESHOLD,Weighted performance score below the review threshold,2.60 < 3.00,rule
1,20251201,2025-12,SCORE_DROP_1,Weighted score dropped by 1.0 or more versus the previous month,3.65 -> 2.60,rule
11,20251201,2025-12,ABSENCE_3PLUS,3 or more unexcused absences in the month,3 absences,rule
11,20251201,2025-12,LATE_RATE_30,Late on at least 30% of attended days (minimum 5 attended days),7/20 days late,rule
11,20251201,2025-12,SCORE_BELOW_THRESHOLD,Weighted performance score below the review threshold,2.00 < 3.00,rule
13,20251201,2025-12,LATE_RATE_30,Late on at least 30% of attended days (minimum 5 attended days),9/22 days late,rule
14,20251201,2025-12,SCORE_BELOW_THRESHOLD,Weighted performance score below the review threshold,2.45 < 3.00,rule
14,20251201,2025-12,SCORE_DROP_1,Weighted score dropped by 1.0 or more versus the previous month,3.70 -> 2.45,rule
15,20251201,2025-12,SCORE_BELOW_THRESHOLD,Weighted performance score below the review threshold,1.90 < 3.00,rule
15,20251201,2025-12,SCORE_DROP_1,Weighted score dropped by 1.0 or more versus the previous month,3.25 -> 1.90,rule
16,20251201,2025-12,LATE_RATE_30,Late on at least 30% of attended days (minimum 5 attended days),7/23 days late,rule
26,20251201,2025-12,SCORE_BELOW_THRESHOLD,Weighted performance score below the review threshold,2.85 < 3.00,rule
31,20251201,2025-12,SCORE_BELOW_THRESHOLD,Weighted performance score below the review threshold,2.80 < 3.00,rule
39,20251201,2025-12,ABSENCE_3PLUS,3 or more unexcused absences in the month,3 absences,rule
42,20251201,2025-12,SCORE_DROP_1,Weighted score dropped by 1.0 or more versus the previous month,5.00 -> 3.80,rule
46,20251201,2025-12,SCORE_BELOW_THRESHOLD,Weighted performance score below the review threshold,2.70 < 3.00,rule
47,20251201,2025-12,SCORE_BELOW_THRESHOLD,Weighted performance score below the review threshold,2.65 < 3.00,rule
47,20251201,2025-12,SCORE_DROP_1,Weighted score dropped by 1.0 or more versus the previous month,3.90 -> 2.65,rule
51,20251201,2025-12,SCORE_BELOW_THRESHOLD,Weighted performance score below the review threshold,2.70 < 3.00,rule
68,20251201,2025-12,SCORE_BELOW_THRESHOLD,Weighted performance score below the review threshold,2.90 < 3.00,rule
70,20251201,2025-12,SCORE_BELOW_THRESHOLD,Weighted performance score below the review threshold,2.95 < 3.00,rule
71,20251201,2025-12,SCORE_BELOW_THRESHOLD,Weighted performance score below the review threshold,2.70 < 3.00,rule
72,20251201,2025-12,SCORE_BELOW_THRESHOLD,Weighted performance score below the review threshold,2.85 < 3.00,rule
77,20251201,2025-12,SCORE_BELOW_THRESHOLD,Weighted performance score below the review threshold,2.25 < 3.00,rule
77,20251201,2025-12,SCORE_DROP_1,Weighted score dropped by 1.0 or more versus the previous month,3.25 -> 2.25,rule
83,20251201,2025-12,SCORE_DROP_1,Weighted score dropped by 1.0 or more versus the previous month,4.05 -> 3.00,rule
87,20251201,2025-12,INCOMPLETE_3PLUS,3 or more days with a single punch (missing IN or OUT),3 days,rule
87,20251201,2025-12,LATE_RATE_30,Late on at least 30% of attended days (minimum 5 attended days),7/23 days late,rule
88,20251201,2025-12,SCORE_BELOW_THRESHOLD,Weighted performance score below the review threshold,2.75 < 3.00,rule
89,20251201,2025-12,LATE_RATE_30,Late on at least 30% of attended days (minimum 5 attended days),6/20 days late,rule
95,20251201,2025-12,SCORE_BELOW_THRESHOLD,Weighted performance score below the review threshold,2.75 < 3.00,rule
100,20251201,2025-12,LATE_RATE_30,Late on at least 30% of attended days (minimum 5 attended days),7/23 days late,rule
100,20251201,2025-12,SCORE_BELOW_THRESHOLD,Weighted performance score below the review threshold,2.70 < 3.00,rule
2,20260101,2026-01,SCORE_BELOW_THRESHOLD,Weighted performance score below the review threshold,2.80 < 3.00,rule
3,20260101,2026-01,ABSENCE_3PLUS,3 or more unexcused absences in the month,3 absences,rule
11,20260101,2026-01,LATE_RATE_30,Late on at least 30% of attended days (minimum 5 attended days),6/20 days late,rule
11,20260101,2026-01,SCORE_BELOW_THRESHOLD,Weighted performance score below the review threshold,2.40 < 3.00,rule
13,20260101,2026-01,SCORE_BELOW_THRESHOLD,Weighted performance score below the review threshold,2.80 < 3.00,rule
14,20260101,2026-01,SCORE_BELOW_THRESHOLD,Weighted performance score below the review threshold,2.90 < 3.00,rule
15,20260101,2026-01,SCORE_BELOW_THRESHOLD,Weighted performance score below the review threshold,1.90 < 3.00,rule
16,20260101,2026-01,SCORE_BELOW_THRESHOLD,Weighted performance score below the review threshold,2.45 < 3.00,rule
19,20260101,2026-01,SCORE_BELOW_THRESHOLD,Weighted performance score below the review threshold,2.90 < 3.00,rule
31,20260101,2026-01,SCORE_BELOW_THRESHOLD,Weighted performance score below the review threshold,2.75 < 3.00,rule
36,20260101,2026-01,SCORE_BELOW_THRESHOLD,Weighted performance score below the review threshold,2.65 < 3.00,rule
46,20260101,2026-01,SCORE_BELOW_THRESHOLD,Weighted performance score below the review threshold,2.75 < 3.00,rule
51,20260101,2026-01,SCORE_BELOW_THRESHOLD,Weighted performance score below the review threshold,2.80 < 3.00,rule
52,20260101,2026-01,ABSENCE_3PLUS,3 or more unexcused absences in the month,3 absences,rule
56,20260101,2026-01,SCORE_DROP_1,Weighted score dropped by 1.0 or more versus the previous month,4.25 -> 3.00,rule
69,20260101,2026-01,LATE_RATE_30,Late on at least 30% of attended days (minimum 5 attended days),6/20 days late,rule
71,20260101,2026-01,ABSENCE_3PLUS,3 or more unexcused absences in the month,3 absences,rule
71,20260101,2026-01,SCORE_BELOW_THRESHOLD,Weighted performance score below the review threshold,2.40 < 3.00,rule
77,20260101,2026-01,SCORE_BELOW_THRESHOLD,Weighted performance score below the review threshold,2.70 < 3.00,rule
87,20260101,2026-01,SCORE_BELOW_THRESHOLD,Weighted performance score below the review threshold,2.75 < 3.00,rule
97,20260101,2026-01,SCORE_BELOW_THRESHOLD,Weighted performance score below the review threshold,2.85 < 3.00,rule
100,20260101,2026-01,SCORE_BELOW_THRESHOLD,Weighted performance score below the review threshold,2.70 < 3.00,rule
103,20260101,2026-01,LATE_RATE_30,Late on at least 30% of attended days (minimum 5 attended days),6/16 days late,rule
103,20260101,2026-01,SCORE_BELOW_THRESHOLD,Weighted performance score below the review threshold,2.50 < 3.00,rule
106,20260101,2026-01,LATE_RATE_30,Late on at least 30% of attended days (minimum 5 attended days),8/21 days late,rule
106,20260101,2026-01,SCORE_BELOW_THRESHOLD,Weighted performance score below the review threshold,2.20 < 3.00,rule
109,20260101,2026-01,SCORE_BELOW_THRESHOLD,Weighted performance score below the review threshold,2.90 < 3.00,rule
1,20260201,2026-02,LATE_RATE_30,Late on at least 30% of attended days (minimum 5 attended days),5/12 days late,rule
2,20260201,2026-02,LATE_RATE_30,Late on at least 30% of attended days (minimum 5 attended days),7/18 days late,rule
11,20260201,2026-02,SCORE_BELOW_THRESHOLD,Weighted performance score below the review threshold,2.15 < 3.00,rule
15,20260201,2026-02,SCORE_BELOW_THRESHOLD,Weighted performance score below the review threshold,2.50 < 3.00,rule
34,20260201,2026-02,SCORE_BELOW_THRESHOLD,Weighted performance score below the review threshold,2.80 < 3.00,rule
37,20260201,2026-02,INCOMPLETE_3PLUS,3 or more days with a single punch (missing IN or OUT),3 days,rule
67,20260201,2026-02,ABSENCE_3PLUS,3 or more unexcused absences in the month,4 absences,rule
67,20260201,2026-02,SCORE_BELOW_THRESHOLD,Weighted performance score below the review threshold,2.75 < 3.00,rule
68,20260201,2026-02,SCORE_BELOW_THRESHOLD,Weighted performance score below the review threshold,2.45 < 3.00,rule
70,20260201,2026-02,SCORE_BELOW_THRESHOLD,Weighted performance score below the review threshold,2.90 < 3.00,rule
71,20260201,2026-02,LATE_RATE_30,Late on at least 30% of attended days (minimum 5 attended days),6/18 days late,rule
71,20260201,2026-02,SCORE_BELOW_THRESHOLD,Weighted performance score below the review threshold,2.25 < 3.00,rule
73,20260201,2026-02,LATE_RATE_30,Late on at least 30% of attended days (minimum 5 attended days),2/6 days late,rule
77,20260201,2026-02,SCORE_BELOW_THRESHOLD,Weighted performance score below the review threshold,2.50 < 3.00,rule
79,20260201,2026-02,SCORE_BELOW_THRESHOLD,Weighted performance score below the review threshold,2.70 < 3.00,rule
87,20260201,2026-02,SCORE_BELOW_THRESHOLD,Weighted performance score below the review threshold,2.55 < 3.00,rule
96,20260201,2026-02,INCOMPLETE_3PLUS,3 or more days with a single punch (missing IN or OUT),3 days,rule
100,20260201,2026-02,ABSENCE_3PLUS,3 or more unexcused absences in the month,3 absences,rule
100,20260201,2026-02,LATE_RATE_30,Late on at least 30% of attended days (minimum 5 attended days),6/16 days late,rule
100,20260201,2026-02,SCORE_BELOW_THRESHOLD,Weighted performance score below the review threshold,2.00 < 3.00,rule
102,20260201,2026-02,SCORE_BELOW_THRESHOLD,Weighted performance score below the review threshold,2.90 < 3.00,rule
106,20260201,2026-02,SCORE_BELOW_THRESHOLD,Weighted performance score below the review threshold,2.70 < 3.00,rule
109,20260201,2026-02,SCORE_BELOW_THRESHOLD,Weighted performance score below the review threshold,2.30 < 3.00,rule
113,20260201,2026-02,SCORE_DROP_1,Weighted score dropped by 1.0 or more versus the previous month,4.80 -> 3.45,rule
11,20260301,2026-03,SCORE_BELOW_THRESHOLD,Weighted performance score below the review threshold,1.90 < 3.00,rule
13,20260301,2026-03,SCORE_BELOW_THRESHOLD,Weighted performance score below the review threshold,2.45 < 3.00,rule
13,20260301,2026-03,SCORE_DROP_1,Weighted score dropped by 1.0 or more versus the previous month,3.45 -> 2.45,rule
15,20260301,2026-03,SCORE_BELOW_THRESHOLD,Weighted performance score below the review threshold,2.80 < 3.00,rule
16,20260301,2026-03,SCORE_BELOW_THRESHOLD,Weighted performance score below the review threshold,2.50 < 3.00,rule
18,20260301,2026-03,LATE_RATE_30,Late on at least 30% of attended days (minimum 5 attended days),8/20 days late,rule
19,20260301,2026-03,SCORE_BELOW_THRESHOLD,Weighted performance score below the review threshold,2.90 < 3.00,rule
26,20260301,2026-03,SCORE_BELOW_THRESHOLD,Weighted performance score below the review threshold,2.80 < 3.00,rule
34,20260301,2026-03,SCORE_BELOW_THRESHOLD,Weighted performance score below the review threshold,2.90 < 3.00,rule
37,20260301,2026-03,SCORE_DROP_1,Weighted score dropped by 1.0 or more versus the previous month,4.75 -> 3.55,rule
44,20260301,2026-03,SCORE_DROP_1,Weighted score dropped by 1.0 or more versus the previous month,4.45 -> 3.10,rule
51,20260301,2026-03,SCORE_BELOW_THRESHOLD,Weighted performance score below the review threshold,2.60 < 3.00,rule
51,20260301,2026-03,SCORE_DROP_1,Weighted score dropped by 1.0 or more versus the previous month,3.85 -> 2.60,rule
68,20260301,2026-03,SCORE_BELOW_THRESHOLD,Weighted performance score below the review threshold,2.40 < 3.00,rule
71,20260301,2026-03,SCORE_BELOW_THRESHOLD,Weighted performance score below the review threshold,2.25 < 3.00,rule
72,20260301,2026-03,SCORE_BELOW_THRESHOLD,Weighted performance score below the review threshold,2.95 < 3.00,rule
100,20260301,2026-03,SCORE_BELOW_THRESHOLD,Weighted performance score below the review threshold,2.50 < 3.00,rule
104,20260301,2026-03,SCORE_DROP_1,Weighted score dropped by 1.0 or more versus the previous month,4.80 -> 3.50,rule
108,20260301,2026-03,SCORE_DROP_1,Weighted score dropped by 1.0 or more versus the previous month,4.80 -> 3.70,rule
5,20260401,2026-04,SCORE_BELOW_THRESHOLD,Weighted performance score below the review threshold,2.80 < 3.00,rule
11,20260401,2026-04,LATE_RATE_30,Late on at least 30% of attended days (minimum 5 attended days),7/22 days late,rule
11,20260401,2026-04,SCORE_BELOW_THRESHOLD,Weighted performance score below the review threshold,2.45 < 3.00,rule
13,20260401,2026-04,ABSENCE_3PLUS,3 or more unexcused absences in the month,3 absences,rule
13,20260401,2026-04,SCORE_BELOW_THRESHOLD,Weighted performance score below the review threshold,2.40 < 3.00,rule
15,20260401,2026-04,SCORE_BELOW_THRESHOLD,Weighted performance score below the review threshold,2.30 < 3.00,rule
16,20260401,2026-04,LATE_RATE_30,Late on at least 30% of attended days (minimum 5 attended days),6/20 days late,rule
16,20260401,2026-04,SCORE_BELOW_THRESHOLD,Weighted performance score below the review threshold,1.65 < 3.00,rule
33,20260401,2026-04,ABSENCE_3PLUS,3 or more unexcused absences in the month,3 absences,rule
34,20260401,2026-04,INCOMPLETE_3PLUS,3 or more days with a single punch (missing IN or OUT),3 days,rule
35,20260401,2026-04,SCORE_BELOW_THRESHOLD,Weighted performance score below the review threshold,2.90 < 3.00,rule
36,20260401,2026-04,SCORE_BELOW_THRESHOLD,Weighted performance score below the review threshold,2.85 < 3.00,rule
55,20260401,2026-04,INCOMPLETE_3PLUS,3 or more days with a single punch (missing IN or OUT),3 days,rule
67,20260401,2026-04,LATE_RATE_30,Late on at least 30% of attended days (minimum 5 attended days),5/15 days late,rule
68,20260401,2026-04,SCORE_BELOW_THRESHOLD,Weighted performance score below the review threshold,2.50 < 3.00,rule
71,20260401,2026-04,SCORE_BELOW_THRESHOLD,Weighted performance score below the review threshold,2.25 < 3.00,rule
81,20260401,2026-04,SCORE_BELOW_THRESHOLD,Weighted performance score below the review threshold,2.90 < 3.00,rule
92,20260401,2026-04,SCORE_BELOW_THRESHOLD,Weighted performance score below the review threshold,2.45 < 3.00,rule
100,20260401,2026-04,SCORE_BELOW_THRESHOLD,Weighted performance score below the review threshold,2.25 < 3.00,rule
103,20260401,2026-04,SCORE_DROP_1,Weighted score dropped by 1.0 or more versus the previous month,4.20 -> 3.20,rule
104,20260401,2026-04,ABSENCE_3PLUS,3 or more unexcused absences in the month,3 absences,rule
118,20260401,2026-04,ABSENCE_3PLUS,3 or more unexcused absences in the month,3 absences,rule
11,20260501,2026-05,SCORE_BELOW_THRESHOLD,Weighted performance score below the review threshold,2.60 < 3.00,rule
13,20260501,2026-05,ABSENCE_3PLUS,3 or more unexcused absences in the month,3 absences,rule
16,20260501,2026-05,SCORE_BELOW_THRESHOLD,Weighted performance score below the review threshold,2.70 < 3.00,rule
19,20260501,2026-05,SCORE_BELOW_THRESHOLD,Weighted performance score below the review threshold,2.90 < 3.00,rule
34,20260501,2026-05,SCORE_BELOW_THRESHOLD,Weighted performance score below the review threshold,2.90 < 3.00,rule
35,20260501,2026-05,SCORE_BELOW_THRESHOLD,Weighted performance score below the review threshold,2.90 < 3.00,rule
38,20260501,2026-05,ABSENCE_3PLUS,3 or more unexcused absences in the month,3 absences,rule
46,20260501,2026-05,SCORE_BELOW_THRESHOLD,Weighted performance score below the review threshold,2.45 < 3.00,rule
52,20260501,2026-05,SCORE_DROP_1,Weighted score dropped by 1.0 or more versus the previous month,4.45 -> 3.40,rule
56,20260501,2026-05,SCORE_BELOW_THRESHOLD,Weighted performance score below the review threshold,2.90 < 3.00,rule
61,20260501,2026-05,ABSENCE_3PLUS,3 or more unexcused absences in the month,3 absences,rule
64,20260501,2026-05,SCORE_DROP_1,Weighted score dropped by 1.0 or more versus the previous month,4.45 -> 3.20,rule
68,20260501,2026-05,SCORE_BELOW_THRESHOLD,Weighted performance score below the review threshold,2.70 < 3.00,rule
71,20260501,2026-05,SCORE_BELOW_THRESHOLD,Weighted performance score below the review threshold,2.25 < 3.00,rule
72,20260501,2026-05,SCORE_BELOW_THRESHOLD,Weighted performance score below the review threshold,2.25 < 3.00,rule
79,20260501,2026-05,INCOMPLETE_3PLUS,3 or more days with a single punch (missing IN or OUT),3 days,rule
85,20260501,2026-05,SCORE_DROP_1,Weighted score dropped by 1.0 or more versus the previous month,4.60 -> 3.50,rule
88,20260501,2026-05,ABSENCE_3PLUS,3 or more unexcused absences in the month,3 absences,rule
102,20260501,2026-05,SCORE_BELOW_THRESHOLD,Weighted performance score below the review threshold,2.65 < 3.00,rule
102,20260501,2026-05,SCORE_DROP_1,Weighted score dropped by 1.0 or more versus the previous month,3.70 -> 2.65,rule
105,20260501,2026-05,SCORE_DROP_1,Weighted score dropped by 1.0 or more versus the previous month,4.80 -> 3.70,rule
107,20260501,2026-05,SCORE_BELOW_THRESHOLD,Weighted performance score below the review threshold,2.40 < 3.00,rule
2,20260601,2026-06,LATE_RATE_30,Late on at least 30% of attended days (minimum 5 attended days),6/20 days late,rule
11,20260601,2026-06,SCORE_BELOW_THRESHOLD,Weighted performance score below the review threshold,2.45 < 3.00,rule
12,20260601,2026-06,SCORE_DROP_1,Weighted score dropped by 1.0 or more versus the previous month,4.55 -> 3.20,rule
13,20260601,2026-06,ABSENCE_3PLUS,3 or more unexcused absences in the month,3 absences,rule
13,20260601,2026-06,SCORE_BELOW_THRESHOLD,Weighted performance score below the review threshold,2.65 < 3.00,rule
15,20260601,2026-06,ABSENCE_3PLUS,3 or more unexcused absences in the month,5 absences,rule
15,20260601,2026-06,LATE_RATE_30,Late on at least 30% of attended days (minimum 5 attended days),8/17 days late,rule
15,20260601,2026-06,SCORE_BELOW_THRESHOLD,Weighted performance score below the review threshold,1.95 < 3.00,rule
23,20260601,2026-06,SCORE_DROP_1,Weighted score dropped by 1.0 or more versus the previous month,4.60 -> 3.55,rule
26,20260601,2026-06,SCORE_BELOW_THRESHOLD,Weighted performance score below the review threshold,2.80 < 3.00,rule
31,20260601,2026-06,SCORE_BELOW_THRESHOLD,Weighted performance score below the review threshold,2.90 < 3.00,rule
32,20260601,2026-06,SCORE_BELOW_THRESHOLD,Weighted performance score below the review threshold,2.70 < 3.00,rule
46,20260601,2026-06,SCORE_BELOW_THRESHOLD,Weighted performance score below the review threshold,2.75 < 3.00,rule
66,20260601,2026-06,LATE_RATE_30,Late on at least 30% of attended days (minimum 5 attended days),7/20 days late,rule
66,20260601,2026-06,SCORE_BELOW_THRESHOLD,Weighted performance score below the review threshold,2.90 < 3.00,rule
71,20260601,2026-06,SCORE_BELOW_THRESHOLD,Weighted performance score below the review threshold,2.35 < 3.00,rule
81,20260601,2026-06,LATE_RATE_30,Late on at least 30% of attended days (minimum 5 attended days),6/19 days late,rule
92,20260601,2026-06,SCORE_BELOW_THRESHOLD,Weighted performance score below the review threshold,2.90 < 3.00,rule
100,20260601,2026-06,SCORE_BELOW_THRESHOLD,Weighted performance score below the review threshold,2.70 < 3.00,rule
103,20260601,2026-06,LATE_RATE_30,Late on at least 30% of attended days (minimum 5 attended days),8/22 days late,rule
107,20260601,2026-06,LATE_RATE_30,Late on at least 30% of attended days (minimum 5 attended days),8/22 days late,rule
112,20260601,2026-06,ABSENCE_3PLUS,3 or more unexcused absences in the month,3 absences,rule
113,20260601,2026-06,SCORE_DROP_1,Weighted score dropped by 1.0 or more versus the previous month,4.60 -> 3.55,rule
11,20260701,2026-07,SCORE_BELOW_THRESHOLD,Weighted performance score below the review threshold,2.50 < 3.00,rule
12,20260701,2026-07,SCORE_BELOW_THRESHOLD,Weighted performance score below the review threshold,2.75 < 3.00,rule
15,20260701,2026-07,SCORE_BELOW_THRESHOLD,Weighted performance score below the review threshold,2.70 < 3.00,rule
16,20260701,2026-07,SCORE_BELOW_THRESHOLD,Weighted performance score below the review threshold,2.85 < 3.00,rule
19,20260701,2026-07,SCORE_BELOW_THRESHOLD,Weighted performance score below the review threshold,2.90 < 3.00,rule
30,20260701,2026-07,SCORE_BELOW_THRESHOLD,Weighted performance score below the review threshold,2.45 < 3.00,rule
33,20260701,2026-07,ABSENCE_3PLUS,3 or more unexcused absences in the month,4 absences,rule
46,20260701,2026-07,SCORE_BELOW_THRESHOLD,Weighted performance score below the review threshold,2.70 < 3.00,rule
51,20260701,2026-07,SCORE_BELOW_THRESHOLD,Weighted performance score below the review threshold,2.90 < 3.00,rule
66,20260701,2026-07,SCORE_BELOW_THRESHOLD,Weighted performance score below the review threshold,2.65 < 3.00,rule
71,20260701,2026-07,SCORE_BELOW_THRESHOLD,Weighted performance score below the review threshold,2.65 < 3.00,rule
90,20260701,2026-07,SCORE_BELOW_THRESHOLD,Weighted performance score below the review threshold,2.80 < 3.00,rule
92,20260701,2026-07,LATE_RATE_30,Late on at least 30% of attended days (minimum 5 attended days),9/21 days late,rule
92,20260701,2026-07,SCORE_BELOW_THRESHOLD,Weighted performance score below the review threshold,2.55 < 3.00,rule
100,20260701,2026-07,SCORE_BELOW_THRESHOLD,Weighted performance score below the review threshold,2.85 < 3.00,rule
107,20260701,2026-07,LATE_RATE_30,Late on at least 30% of attended days (minimum 5 attended days),9/22 days late,rule
107,20260701,2026-07,SCORE_BELOW_THRESHOLD,Weighted performance score below the review threshold,2.45 < 3.00,rule
112,20260701,2026-07,SCORE_BELOW_THRESHOLD,Weighted performance score below the review threshold,2.55 < 3.00,rule
118,20260701,2026-07,SCORE_BELOW_THRESHOLD,Weighted performance score below the review threshold,2.25 < 3.00,rule
11,20260801,2026-08,SCORE_BELOW_THRESHOLD,Weighted performance score below the review threshold,2.45 < 3.00,rule
15,20260801,2026-08,ABSENCE_3PLUS,3 or more unexcused absences in the month,3 absences,rule
15,20260801,2026-08,SCORE_BELOW_THRESHOLD,Weighted performance score below the review threshold,1.65 < 3.00,rule
15,20260801,2026-08,SCORE_DROP_1,Weighted score dropped by 1.0 or more versus the previous month,2.70 -> 1.65,rule
18,20260801,2026-08,SCORE_BELOW_THRESHOLD,Weighted performance score below the review threshold,2.65 < 3.00,rule
34,20260801,2026-08,LATE_RATE_30,Late on at least 30% of attended days (minimum 5 attended days),9/21 days late,rule
35,20260801,2026-08,LATE_RATE_30,Late on at least 30% of attended days (minimum 5 attended days),7/21 days late,rule
35,20260801,2026-08,SCORE_BELOW_THRESHOLD,Weighted performance score below the review threshold,2.30 < 3.00,rule
42,20260801,2026-08,INCOMPLETE_3PLUS,3 or more days with a single punch (missing IN or OUT),3 days,rule
43,20260801,2026-08,LATE_RATE_30,Late on at least 30% of attended days (minimum 5 attended days),7/22 days late,rule
46,20260801,2026-08,LATE_RATE_30,Late on at least 30% of attended days (minimum 5 attended days),7/21 days late,rule
46,20260801,2026-08,SCORE_BELOW_THRESHOLD,Weighted performance score below the review threshold,2.45 < 3.00,rule
68,20260801,2026-08,INCOMPLETE_3PLUS,3 or more days with a single punch (missing IN or OUT),3 days,rule
68,20260801,2026-08,SCORE_BELOW_THRESHOLD,Weighted performance score below the review threshold,2.65 < 3.00,rule
71,20260801,2026-08,SCORE_BELOW_THRESHOLD,Weighted performance score below the review threshold,2.45 < 3.00,rule
107,20260801,2026-08,INCOMPLETE_3PLUS,3 or more days with a single punch (missing IN or OUT),3 days,rule
109,20260801,2026-08,SCORE_BELOW_THRESHOLD,Weighted performance score below the review threshold,2.80 < 3.00,rule
118,20260801,2026-08,SCORE_BELOW_THRESHOLD,Weighted performance score below the review threshold,2.40 < 3.00,rule
