EmployeeKey,PeriodDateKey,Period,DaysEmployed,IsEvaluable
1,20250901,2025-09,30,1
2,20250901,2025-09,30,1
3,20250901,2025-09,30,1
4,20250901,2025-09,30,1
5,20250901,2025-09,30,1
6,20250901,2025-09,30,1
7,20250901,2025-09,30,1
8,20250901,2025-09,30,1
9,20250901,2025-09,30,1
10,20250901,2025-09,30,1
11,20250901,2025-09,30,1
12,20250901,2025-09,30,1
13,20250901,2025-09,30,1
14,20250901,2025-09,30,1
15,20250901,2025-09,30,1
16,20250901,2025-09,30,1
17,20250901,2025-09,30,1
18,20250901,2025-09,30,1
19,20250901,2025-09,30,1
20,20250901,2025-09,30,1
21,20250901,2025-09,30,1
22,20250901,2025-09,30,1
23,20250901,2025-09,30,1
24,20250901,2025-09,30,1
25,20250901,2025-09,30,1
26,20250901,2025-09,30,1
27,20250901,2025-09,30,1
28,20250901,2025-09,30,1
29,20250901,2025-09,30,1
30,20250901,2025-09,30,1
31,20250901,2025-09,30,1
32,20250901,2025-09,30,1
33,20250901,2025-09,30,1
34,20250901,2025-09,30,1
35,20250901,2025-09,30,1
36,20250901,2025-09,30,1
37,20250901,2025-09,30,1
38,20250901,2025-09,30,1
39,20250901,2025-09,30,1
40,20250901,2025-09,30,1
41,20250901,2025-09,30,1
42,20250901,2025-09,30,1
43,20250901,2025-09,30,1
44,20250901,2025-09,30,1
45,20250901,2025-09,30,1
46,20250901,2025-09,30,1
47,20250901,2025-09,30,1
48,20250901,2025-09,30,1
49,20250901,2025-09,30,1
50,20250901,2025-09,30,1
51,20250901,2025-09,30,1
52,20250901,2025-09,30,1
53,20250901,2025-09,30,1
54,20250901,2025-09,30,1
55,20250901,2025-09,30,1
56,20250901,2025-09,30,1
57,20250901,2025-09,30,1
58,20250901,2025-09,30,1
59,20250901,2025-09,30,1
60,20250901,2025-09,30,1
61,20250901,2025-09,30,1
62,20250901,2025-09,30,1
63,20250901,2025-09,30,1
64,20250901,2025-09,30,1
65,20250901,2025-09,30,1
66,20250901,2025-09,30,1
67,20250901,2025-09,30,1
68,20250901,2025-09,30,1
69,20250901,2025-09,30,1
70,20250901,2025-09,30,1
71,20250901,2025-09,30,1
72,20250901,2025-09,30,1
73,20250901,2025-09,30,1
74,20250901,2025-09,30,1
75,20250901,2025-09,30,1
76,20250901,2025-09,30,1
77,20250901,2025-09,30,1
78,20250901,2025-09,30,1
79,20250901,2025-09,30,1
80,20250901,2025-09,30,1
81,20250901,2025-09,30,1
82,20250901,2025-09,30,1
83,20250901,2025-09,30,1
84,20250901,2025-09,30,1
85,20250901,2025-09,30,1
86,20250901,2025-09,30,1
87,20250901,2025-09,30,1
88,20250901,2025-09,30,1
89,20250901,2025-09,30,1
90,20250901,2025-09,30,1
91,20250901,2025-09,30,1
92,20250901,2025-09,30,1
93,20250901,2025-09,30,1
94,20250901,2025-09,30,1
95,20250901,2025-09,30,1
96,20250901,2025-09,30,1
97,20250901,2025-09,30,1
98,20250901,2025-09,30,1
99,20250901,2025-09,30,1
100,20250901,2025-09,30,1
101,20250901,2025-09,30,1
102,20250901,2025-09,30,1
103,20250901,2025-09,30,1
104,20250901,2025-09,30,1
105,20250901,2025-09,30,1
106,20250901,2025-09,30,1
107,20250901,2025-09,30,1
108,20250901,2025-09,30,1
109,20250901,2025-09,30,1
110,20250901,2025-09,30,1
1,20251001,2025-10,31,1
2,20251001,2025-10,31,1
3,20251001,2025-10,31,1
4,20251001,2025-10,31,1
5,20251001,2025-10,31,1
6,20251001,2025-10,31,1
7,20251001,2025-10,31,1
8,20251001,2025-10,31,1
9,20251001,2025-10,31,1
10,20251001,2025-10,31,1
11,20251001,2025-10,31,1
12,20251001,2025-10,31,1
13,20251001,2025-10,31,1
14,20251001,2025-10,31,1
15,20251001,2025-10,31,1
16,20251001,2025-10,31,1
17,20251001,2025-10,31,1
18,20251001,2025-10,31,1
19,20251001,2025-10,31,1
20,20251001,2025-10,31,1
21,20251001,2025-10,31,1
22,20251001,2025-10,31,1
23,20251001,2025-10,31,1
24,20251001,2025-10,31,1
25,20251001,2025-10,31,1
26,20251001,2025-10,31,1
27,20251001,2025-10,31,1
28,20251001,2025-10,31,1
29,20251001,2025-10,31,1
30,20251001,2025-10,31,1
31,20251001,2025-10,31,1
32,20251001,2025-10,31,1
33,20251001,2025-10,31,1
34,20251001,2025-10,31,1
35,20251001,2025-10,31,1
36,20251001,2025-10,31,1
37,20251001,2025-10,31,1
38,20251001,2025-10,31,1
39,20251001,2025-10,31,1
40,20251001,2025-10,31,1
41,20251001,2025-10,31,1
42,20251001,2025-10,31,1
43,20251001,2025-10,31,1
44,20251001,2025-10,31,1
45,20251001,2025-10,31,1
46,20251001,2025-10,31,1
47,20251001,2025-10,31,1
48,20251001,2025-10,31,1
49,20251001,2025-10,31,1
50,20251001,2025-10,31,1
51,20251001,2025-10,31,1
52,20251001,2025-10,31,1
53,20251001,2025-10,31,1
54,20251001,2025-10,31,1
55,20251001,2025-10,31,1
56,20251001,2025-10,31,1
57,20251001,2025-10,31,1
58,20251001,2025-10,31,1
59,20251001,2025-10,31,1
60,20251001,2025-10,31,1
61,20251001,2025-10,31,1
62,20251001,2025-10,31,1
63,20251001,2025-10,31,1
64,20251001,2025-10,31,1
65,20251001,2025-10,31,1
66,20251001,2025-10,31,1
67,20251001,2025-10,31,1
68,20251001,2025-10,31,1
69,20251001,2025-10,31,1
70,20251001,2025-10,31,1
71,20251001,2025-10,31,1
72,20251001,2025-10,31,1
73,20251001,2025-10,31,1
74,20251001,2025-10,31,1
75,20251001,2025-10,31,1
76,20251001,2025-10,31,1
77,20251001,2025-10,31,1
78,20251001,2025-10,31,1
79,20251001,2025-10,31,1
80,20251001,2025-10,31,1
81,20251001,2025-10,31,1
82,20251001,2025-10,31,1
83,20251001,2025-10,31,1
84,20251001,2025-10,31,1
85,20251001,2025-10,31,1
86,20251001,2025-10,31,1
87,20251001,2025-10,31,1
88,20251001,2025-10,31,1
89,20251001,2025-10,31,1
90,20251001,2025-10,31,1
91,20251001,2025-10,31,1
92,20251001,2025-10,31,1
93,20251001,2025-10,31,1
94,20251001,2025-10,31,1
95,20251001,2025-10,31,1
96,20251001,2025-10,31,1
97,20251001,2025-10,31,1
98,20251001,2025-10,31,1
99,20251001,2025-10,31,1
100,20251001,2025-10,31,1
101,20251001,2025-10,31,1
102,20251001,2025-10,31,1
103,20251001,2025-10,31,1
104,20251001,2025-10,31,1
105,20251001,2025-10,31,1
106,20251001,2025-10,31,1
107,20251001,2025-10,31,1
108,20251001,2025-10,31,1
109,20251001,2025-10,31,1
110,20251001,2025-10,31,1
118,20251001,2025-10,28,1
1,20251101,2025-11,30,1
2,20251101,2025-11,30,1
3,20251101,2025-11,30,1
4,20251101,2025-11,30,1
5,20251101,2025-11,30,1
6,20251101,2025-11,30,1
7,20251101,2025-11,30,1
8,20251101,2025-11,30,1
9,20251101,2025-11,30,1
10,20251101,2025-11,30,1
11,20251101,2025-11,30,1
12,20251101,2025-11,30,1
13,20251101,2025-11,30,1
14,20251101,2025-11,30,1
15,20251101,2025-11,30,1
16,20251101,2025-11,30,1
17,20251101,2025-11,30,1
18,20251101,2025-11,30,1
19,20251101,2025-11,30,1
20,20251101,2025-11,30,1
21,20251101,2025-11,30,1
22,20251101,2025-11,30,1
23,20251101,2025-11,30,1
24,20251101,2025-11,30,1
25,20251101,2025-11,30,1
26,20251101,2025-11,30,1
27,20251101,2025-11,30,1
28,20251101,2025-11,30,1
29,20251101,2025-11,30,1
30,20251101,2025-11,30,1
31,20251101,2025-11,30,1
32,20251101,2025-11,30,1
33,20251101,2025-11,30,1
34,20251101,2025-11,30,1
35,20251101,2025-11,30,1
36,20251101,2025-11,30,1
37,20251101,2025-11,30,1
38,20251101,2025-11,30,1
39,20251101,2025-11,30,1
40,20251101,2025-11,30,1
41,20251101,2025-11,30,1
42,20251101,2025-11,30,1
43,20251101,2025-11,30,1
44,20251101,2025-11,30,1
45,20251101,2025-11,30,1
46,20251101,2025-11,30,1
47,20251101,2025-11,30,1
48,20251101,2025-11,30,1
49,20251101,2025-11,30,1
50,20251101,2025-11,30,1
51,20251101,2025-11,30,1
52,20251101,2025-11,30,1
53,20251101,2025-11,30,1
54,20251101,2025-11,30,1
55,20251101,2025-11,30,1
56,20251101,2025-11,30,1
57,20251101,2025-11,30,1
58,20251101,2025-11,30,1
59,20251101,2025-11,30,1
60,20251101,2025-11,30,1
61,20251101,2025-11,30,1
62,20251101,2025-11,30,1
63,20251101,2025-11,30,1
64,20251101,2025-11,30,1
65,20251101,2025-11,30,1
66,20251101,2025-11,30,1
67,20251101,2025-11,30,1
68,20251101,2025-11,30,1
69,20251101,2025-11,30,1
70,20251101,2025-11,30,1
71,20251101,2025-11,30,1
72,20251101,2025-11,30,1
73,20251101,2025-11,30,1
74,20251101,2025-11,30,1
75,20251101,2025-11,30,1
76,20251101,2025-11,30,1
77,20251101,2025-11,30,1
78,20251101,2025-11,30,1
79,20251101,2025-11,30,1
80,20251101,2025-11,30,1
81,20251101,2025-11,30,1
82,20251101,2025-11,30,1
83,20251101,2025-11,30,1
84,20251101,2025-11,30,1
85,20251101,2025-11,30,1
86,20251101,2025-11,30,1
87,20251101,2025-11,30,1
88,20251101,2025-11,30,1
89,20251101,2025-11,30,1
90,20251101,2025-11,30,1
91,20251101,2025-11,30,1
92,20251101,2025-11,30,1
93,20251101,2025-11,30,1
94,20251101,2025-11,30,1
95,20251101,2025-11,30,1
96,20251101,2025-11,30,1
97,20251101,2025-11,30,1
98,20251101,2025-11,30,1
99,20251101,2025-11,30,1
100,20251101,2025-11,30,1
101,20251101,2025-11,30,1
102,20251101,2025-11,30,1
103,20251101,2025-11,30,1
104,20251101,2025-11,30,1
105,20251101,2025-11,30,1
106,20251101,2025-11,30,1
107,20251101,2025-11,30,1
108,20251101,2025-11,30,1
109,20251101,2025-11,30,1
110,20251101,2025-11,30,1
118,20251101,2025-11,30,1
1,20251201,2025-12,31,1
2,20251201,2025-12,31,1
3,20251201,2025-12,31,1
4,20251201,2025-12,31,1
5,20251201,2025-12,31,1
6,20251201,2025-12,31,1
7,20251201,2025-12,31,1
8,20251201,2025-12,31,1
9,20251201,2025-12,31,1
10,20251201,2025-12,31,1
11,20251201,2025-12,31,1
12,20251201,2025-12,31,1
13,20251201,2025-12,31,1
14,20251201,2025-12,31,1
15,20251201,2025-12,31,1
16,20251201,2025-12,31,1
17,20251201,2025-12,31,1
18,20251201,2025-12,31,1
19,20251201,2025-12,31,1
20,20251201,2025-12,31,1
21,20251201,2025-12,31,1
22,20251201,2025-12,31,1
23,20251201,2025-12,31,1
24,20251201,2025-12,31,1
25,20251201,2025-12,31,1
26,20251201,2025-12,31,1
27,20251201,2025-12,31,1
28,20251201,2025-12,31,1
29,20251201,2025-12,31,1
30,20251201,2025-12,31,1
31,20251201,2025-12,31,1
32,20251201,2025-12,31,1
33,20251201,2025-12,31,1
34,20251201,2025-12,31,1
35,20251201,2025-12,31,1
36,20251201,2025-12,31,1
37,20251201,2025-12,31,1
38,20251201,2025-12,31,1
39,20251201,2025-12,31,1
40,20251201,2025-12,31,1
41,20251201,2025-12,31,1
42,20251201,2025-12,31,1
43,20251201,2025-12,31,1
44,20251201,2025-12,31,1
45,20251201,2025-12,31,1
46,20251201,2025-12,31,1
47,20251201,2025-12,31,1
48,20251201,2025-12,31,1
49,20251201,2025-12,31,1
50,20251201,2025-12,31,1
51,20251201,2025-12,31,1
52,20251201,2025-12,31,1
53,20251201,2025-12,31,1
54,20251201,2025-12,31,1
55,20251201,2025-12,31,1
56,20251201,2025-12,31,1
57,20251201,2025-12,31,1
58,20251201,2025-12,31,1
59,20251201,2025-12,31,1
60,20251201,2025-12,31,1
61,20251201,2025-12,31,1
62,20251201,2025-12,31,1
63,20251201,2025-12,31,1
64,20251201,2025-12,31,1
65,20251201,2025-12,31,1
66,20251201,2025-12,31,1
67,20251201,2025-12,31,1
68,20251201,2025-12,31,1
69,20251201,2025-12,31,1
70,20251201,2025-12,31,1
71,20251201,2025-12,31,1
72,20251201,2025-12,31,1
73,20251201,2025-12,31,1
74,20251201,2025-12,31,1
75,20251201,2025-12,31,1
76,20251201,2025-12,31,1
77,20251201,2025-12,31,1
78,20251201,2025-12,31,1
79,20251201,2025-12,31,1
80,20251201,2025-12,31,1
81,20251201,2025-12,31,1
82,20251201,2025-12,31,1
83,20251201,2025-12,31,1
84,20251201,2025-12,31,1
85,20251201,2025-12,31,1
86,20251201,2025-12,31,1
87,20251201,2025-12,31,1
88,20251201,2025-12,31,1
89,20251201,2025-12,31,1
90,20251201,2025-12,31,1
91,20251201,2025-12,31,1
92,20251201,2025-12,31,1
93,20251201,2025-12,31,1
94,20251201,2025-12,31,1
95,20251201,2025-12,31,1
96,20251201,2025-12,31,1
97,20251201,2025-12,31,1
98,20251201,2025-12,31,1
99,20251201,2025-12,31,1
100,20251201,2025-12,31,1
101,20251201,2025-12,31,1
102,20251201,2025-12,31,1
103,20251201,2025-12,31,1
104,20251201,2025-12,31,1
105,20251201,2025-12,31,1
106,20251201,2025-12,31,1
107,20251201,2025-12,31,1
108,20251201,2025-12,31,1
109,20251201,2025-12,31,1
110,20251201,2025-12,31,1
113,20251201,2025-12,31,1
118,20251201,2025-12,31,1
1,20260101,2026-01,31,1
2,20260101,2026-01,31,1
3,20260101,2026-01,31,1
4,20260101,2026-01,31,1
5,20260101,2026-01,31,1
6,20260101,2026-01,31,1
7,20260101,2026-01,31,1
8,20260101,2026-01,31,1
9,20260101,2026-01,31,1
10,20260101,2026-01,3,0
11,20260101,2026-01,31,1
12,20260101,2026-01,31,1
13,20260101,2026-01,31,1
14,20260101,2026-01,31,1
15,20260101,2026-01,31,1
16,20260101,2026-01,31,1
17,20260101,2026-01,31,1
18,20260101,2026-01,31,1
19,20260101,2026-01,31,1
20,20260101,2026-01,31,1
21,20260101,2026-01,31,1
22,20260101,2026-01,31,1
23,20260101,2026-01,31,1
24,20260101,2026-01,31,1
25,20260101,2026-01,31,1
26,20260101,2026-01,31,1
27,20260101,2026-01,31,1
28,20260101,2026-01,31,1
29,20260101,2026-01,31,1
30,20260101,2026-01,31,1
31,20260101,2026-01,31,1
32,20260101,2026-01,31,1
33,20260101,2026-01,31,1
34,20260101,2026-01,31,1
35,20260101,2026-01,31,1
36,20260101,2026-01,31,1
37,20260101,2026-01,31,1
38,20260101,2026-01,31,1
39,20260101,2026-01,31,1
40,20260101,2026-01,31,1
41,20260101,2026-01,31,1
42,20260101,2026-01,31,1
43,20260101,2026-01,31,1
44,20260101,2026-01,31,1
45,20260101,2026-01,31,1
46,20260101,2026-01,31,1
47,20260101,2026-01,31,1
48,20260101,2026-01,31,1
49,20260101,2026-01,31,1
50,20260101,2026-01,31,1
51,20260101,2026-01,31,1
52,20260101,2026-01,31,1
53,20260101,2026-01,31,1
54,20260101,2026-01,31,1
55,20260101,2026-01,31,1
56,20260101,2026-01,31,1
57,20260101,2026-01,31,1
58,20260101,2026-01,31,1
59,20260101,2026-01,31,1
60,20260101,2026-01,31,1
61,20260101,2026-01,31,1
62,20260101,2026-01,31,1
63,20260101,2026-01,31,1
64,20260101,2026-01,31,1
65,20260101,2026-01,31,1
66,20260101,2026-01,31,1
67,20260101,2026-01,31,1
68,20260101,2026-01,31,1
69,20260101,2026-01,31,1
70,20260101,2026-01,31,1
71,20260101,2026-01,31,1
72,20260101,2026-01,31,1
73,20260101,2026-01,31,1
74,20260101,2026-01,31,1
75,20260101,2026-01,31,1
76,20260101,2026-01,31,1
77,20260101,2026-01,31,1
78,20260101,2026-01,31,1
79,20260101,2026-01,31,1
80,20260101,2026-01,31,1
81,20260101,2026-01,31,1
82,20260101,2026-01,25,1
83,20260101,2026-01,31,1
84,20260101,2026-01,31,1
85,20260101,2026-01,31,1
86,20260101,2026-01,31,1
87,20260101,2026-01,31,1
88,20260101,2026-01,31,1
89,20260101,2026-01,31,1
90,20260101,2026-01,31,1
91,20260101,2026-01,31,1
92,20260101,2026-01,31,1
93,20260101,2026-01,31,1
94,20260101,2026-01,31,1
95,20260101,2026-01,31,1
96,20260101,2026-01,31,1
97,20260101,2026-01,31,1
98,20260101,2026-01,31,1
99,20260101,2026-01,31,1
100,20260101,2026-01,31,1
101,20260101,2026-01,31,1
102,20260101,2026-01,31,1
103,20260101,2026-01,31,1
104,20260101,2026-01,31,1
105,20260101,2026-01,31,1
106,20260101,2026-01,31,1
107,20260101,2026-01,31,1
108,20260101,2026-01,31,1
109,20260101,2026-01,31,1
110,20260101,2026-01,31,1
113,20260101,2026-01,31,1
118,20260101,2026-01,31,1
1,20260201,2026-02,28,1
2,20260201,2026-02,28,1
3,20260201,2026-02,28,1
4,20260201,2026-02,28,1
5,20260201,2026-02,28,1
6,20260201,2026-02,28,1
7,20260201,2026-02,28,1
8,20260201,2026-02,28,1
9,20260201,2026-02,28,1
11,20260201,2026-02,28,1
12,20260201,2026-02,28,1
13,20260201,2026-02,28,1
14,20260201,2026-02,28,1
15,20260201,2026-02,28,1
16,20260201,2026-02,28,1
17,20260201,2026-02,28,1
18,20260201,2026-02,28,1
19,20260201,2026-02,28,1
20,20260201,2026-02,28,1
21,20260201,2026-02,28,1
22,20260201,2026-02,28,1
23,20260201,2026-02,28,1
24,20260201,2026-02,28,1
25,20260201,2026-02,28,1
26,20260201,2026-02,28,1
27,20260201,2026-02,28,1
28,20260201,2026-02,28,1
29,20260201,2026-02,28,1
30,20260201,2026-02,28,1
31,20260201,2026-02,28,1
32,20260201,2026-02,28,1
33,20260201,2026-02,28,1
34,20260201,2026-02,28,1
35,20260201,2026-02,28,1
36,20260201,2026-02,28,1
37,20260201,2026-02,28,1
38,20260201,2026-02,28,1
39,20260201,2026-02,28,1
40,20260201,2026-02,28,1
41,20260201,2026-02,28,1
42,20260201,2026-02,28,1
43,20260201,2026-02,28,1
44,20260201,2026-02,28,1
45,20260201,2026-02,28,1
46,20260201,2026-02,28,1
47,20260201,2026-02,28,1
48,20260201,2026-02,28,1
49,20260201,2026-02,28,1
50,20260201,2026-02,28,1
51,20260201,2026-02,28,1
52,20260201,2026-02,28,1
53,20260201,2026-02,28,1
54,20260201,2026-02,28,1
55,20260201,2026-02,28,1
56,20260201,2026-02,28,1
57,20260201,2026-02,28,1
58,20260201,2026-02,28,1
59,20260201,2026-02,28,1
60,20260201,2026-02,28,1
61,20260201,2026-02,28,1
62,20260201,2026-02,28,1
63,20260201,2026-02,28,1
64,20260201,2026-02,28,1
65,20260201,2026-02,28,1
66,20260201,2026-02,28,1
67,20260201,2026-02,28,1
68,20260201,2026-02,28,1
69,20260201,2026-02,28,1
70,20260201,2026-02,28,1
71,20260201,2026-02,28,1
72,20260201,2026-02,28,1
73,20260201,2026-02,8,0
74,20260201,2026-02,28,1
75,20260201,2026-02,28,1
76,20260201,2026-02,28,1
77,20260201,2026-02,19,1
78,20260201,2026-02,28,1
79,20260201,2026-02,28,1
80,20260201,2026-02,28,1
81,20260201,2026-02,28,1
83,20260201,2026-02,28,1
84,20260201,2026-02,28,1
85,20260201,2026-02,28,1
86,20260201,2026-02,20,1
87,20260201,2026-02,28,1
88,20260201,2026-02,28,1
89,20260201,2026-02,28,1
90,20260201,2026-02,28,1
91,20260201,2026-02,28,1
92,20260201,2026-02,28,1
93,20260201,2026-02,28,1
94,20260201,2026-02,28,1
95,20260201,2026-02,28,1
96,20260201,2026-02,28,1
97,20260201,2026-02,28,1
98,20260201,2026-02,28,1
99,20260201,2026-02,28,1
100,20260201,2026-02,28,1
101,20260201,2026-02,28,1
102,20260201,2026-02,28,1
103,20260201,2026-02,28,1
104,20260201,2026-02,28,1
105,20260201,2026-02,28,1
106,20260201,2026-02,14,1
107,20260201,2026-02,28,1
108,20260201,2026-02,28,1
109,20260201,2026-02,28,1
110,20260201,2026-02,28,1
111,20260201,2026-02,19,1
113,20260201,2026-02,28,1
118,20260201,2026-02,28,1
1,20260301,2026-03,31,1
2,20260301,2026-03,31,1
3,20260301,2026-03,31,1
4,20260301,2026-03,31,1
5,20260301,2026-03,31,1
6,20260301,2026-03,31,1
7,20260301,2026-03,31,1
8,20260301,2026-03,31,1
9,20260301,2026-03,31,1
11,20260301,2026-03,31,1
12,20260301,2026-03,31,1
13,20260301,2026-03,31,1
14,20260301,2026-03,31,1
15,20260301,2026-03,31,1
16,20260301,2026-03,31,1
17,20260301,2026-03,31,1
18,20260301,2026-03,31,1
19,20260301,2026-03,31,1
20,20260301,2026-03,31,1
21,20260301,2026-03,31,1
22,20260301,2026-03,31,1
23,20260301,2026-03,31,1
24,20260301,2026-03,31,1
25,20260301,2026-03,31,1
26,20260301,2026-03,31,1
27,20260301,2026-03,31,1
28,20260301,2026-03,31,1
29,20260301,2026-03,31,1
30,20260301,2026-03,31,1
31,20260301,2026-03,31,1
32,20260301,2026-03,31,1
33,20260301,2026-03,31,1
34,20260301,2026-03,31,1
35,20260301,2026-03,31,1
36,20260301,2026-03,31,1
37,20260301,2026-03,31,1
38,20260301,2026-03,31,1
39,20260301,2026-03,31,1
40,20260301,2026-03,31,1
41,20260301,2026-03,31,1
42,20260301,2026-03,31,1
43,20260301,2026-03,31,1
44,20260301,2026-03,31,1
45,20260301,2026-03,31,1
46,20260301,2026-03,31,1
47,20260301,2026-03,31,1
48,20260301,2026-03,31,1
49,20260301,2026-03,31,1
50,20260301,2026-03,31,1
51,20260301,2026-03,31,1
52,20260301,2026-03,31,1
53,20260301,2026-03,31,1
54,20260301,2026-03,31,1
55,20260301,2026-03,31,1
56,20260301,2026-03,31,1
57,20260301,2026-03,31,1
58,20260301,2026-03,31,1
59,20260301,2026-03,31,1
60,20260301,2026-03,31,1
61,20260301,2026-03,31,1
62,20260301,2026-03,31,1
63,20260301,2026-03,31,1
64,20260301,2026-03,31,1
65,20260301,2026-03,31,1
66,20260301,2026-03,31,1
67,20260301,2026-03,31,1
68,20260301,2026-03,31,1
69,20260301,2026-03,31,1
70,20260301,2026-03,31,1
71,20260301,2026-03,31,1
72,20260301,2026-03,31,1
74,20260301,2026-03,31,1
75,20260301,2026-03,31,1
76,20260301,2026-03,31,1
78,20260301,2026-03,31,1
79,20260301,2026-03,31,1
80,20260301,2026-03,31,1
81,20260301,2026-03,31,1
83,20260301,2026-03,31,1
84,20260301,2026-03,31,1
85,20260301,2026-03,31,1
87,20260301,2026-03,31,1
88,20260301,2026-03,31,1
89,20260301,2026-03,31,1
90,20260301,2026-03,31,1
91,20260301,2026-03,31,1
92,20260301,2026-03,31,1
93,20260301,2026-03,31,1
94,20260301,2026-03,31,1
95,20260301,2026-03,31,1
96,20260301,2026-03,31,1
97,20260301,2026-03,31,1
98,20260301,2026-03,31,1
99,20260301,2026-03,31,1
100,20260301,2026-03,31,1
101,20260301,2026-03,31,1
102,20260301,2026-03,31,1
103,20260301,2026-03,31,1
104,20260301,2026-03,31,1
105,20260301,2026-03,31,1
107,20260301,2026-03,31,1
108,20260301,2026-03,31,1
109,20260301,2026-03,31,1
110,20260301,2026-03,31,1
111,20260301,2026-03,31,1
112,20260301,2026-03,20,1
113,20260301,2026-03,31,1
118,20260301,2026-03,31,1
119,20260301,2026-03,18,1
1,20260401,2026-04,30,1
2,20260401,2026-04,30,1
3,20260401,2026-04,30,1
4,20260401,2026-04,30,1
5,20260401,2026-04,30,1
6,20260401,2026-04,30,1
7,20260401,2026-04,30,1
8,20260401,2026-04,30,1
9,20260401,2026-04,30,1
11,20260401,2026-04,30,1
12,20260401,2026-04,30,1
13,20260401,2026-04,30,1
14,20260401,2026-04,30,1
15,20260401,2026-04,30,1
16,20260401,2026-04,30,1
17,20260401,2026-04,30,1
18,20260401,2026-04,30,1
19,20260401,2026-04,30,1
20,20260401,2026-04,30,1
21,20260401,2026-04,30,1
22,20260401,2026-04,30,1
23,20260401,2026-04,30,1
24,20260401,2026-04,30,1
25,20260401,2026-04,30,1
26,20260401,2026-04,30,1
27,20260401,2026-04,30,1
28,20260401,2026-04,30,1
29,20260401,2026-04,30,1
30,20260401,2026-04,30,1
31,20260401,2026-04,30,1
32,20260401,2026-04,30,1
33,20260401,2026-04,30,1
34,20260401,2026-04,30,1
35,20260401,2026-04,30,1
36,20260401,2026-04,30,1
37,20260401,2026-04,30,1
38,20260401,2026-04,30,1
39,20260401,2026-04,30,1
40,20260401,2026-04,30,1
41,20260401,2026-04,30,1
42,20260401,2026-04,30,1
43,20260401,2026-04,30,1
44,20260401,2026-04,30,1
45,20260401,2026-04,30,1
46,20260401,2026-04,30,1
47,20260401,2026-04,30,1
48,20260401,2026-04,30,1
49,20260401,2026-04,30,1
50,20260401,2026-04,30,1
51,20260401,2026-04,30,1
52,20260401,2026-04,30,1
53,20260401,2026-04,30,1
54,20260401,2026-04,30,1
55,20260401,2026-04,30,1
56,20260401,2026-04,30,1
57,20260401,2026-04,30,1
58,20260401,2026-04,30,1
59,20260401,2026-04,30,1
60,20260401,2026-04,30,1
61,20260401,2026-04,30,1
62,20260401,2026-04,30,1
63,20260401,2026-04,30,1
64,20260401,2026-04,30,1
65,20260401,2026-04,30,1
66,20260401,2026-04,30,1
67,20260401,2026-04,30,1
68,20260401,2026-04,30,1
69,20260401,2026-04,30,1
70,20260401,2026-04,30,1
71,20260401,2026-04,30,1
72,20260401,2026-04,30,1
74,20260401,2026-04,30,1
75,20260401,2026-04,30,1
76,20260401,2026-04,30,1
78,20260401,2026-04,30,1
79,20260401,2026-04,30,1
80,20260401,2026-04,30,1
81,20260401,2026-04,30,1
83,20260401,2026-04,30,1
84,20260401,2026-04,30,1
85,20260401,2026-04,30,1
87,20260401,2026-04,30,1
88,20260401,2026-04,30,1
89,20260401,2026-04,30,1
90,20260401,2026-04,30,1
91,20260401,2026-04,30,1
92,20260401,2026-04,30,1
93,20260401,2026-04,30,1
94,20260401,2026-04,30,1
95,20260401,2026-04,30,1
96,20260401,2026-04,30,1
97,20260401,2026-04,30,1
98,20260401,2026-04,30,1
99,20260401,2026-04,30,1
100,20260401,2026-04,30,1
101,20260401,2026-04,30,1
102,20260401,2026-04,30,1
103,20260401,2026-04,30,1
104,20260401,2026-04,30,1
105,20260401,2026-04,30,1
107,20260401,2026-04,30,1
108,20260401,2026-04,30,1
109,20260401,2026-04,30,1
110,20260401,2026-04,30,1
111,20260401,2026-04,30,1
112,20260401,2026-04,30,1
113,20260401,2026-04,30,1
115,20260401,2026-04,20,1
118,20260401,2026-04,30,1
119,20260401,2026-04,30,1
1,20260501,2026-05,31,1
2,20260501,2026-05,31,1
3,20260501,2026-05,31,1
4,20260501,2026-05,31,1
5,20260501,2026-05,31,1
6,20260501,2026-05,31,1
7,20260501,2026-05,31,1
8,20260501,2026-05,31,1
9,20260501,2026-05,31,1
11,20260501,2026-05,31,1
12,20260501,2026-05,31,1
13,20260501,2026-05,31,1
14,20260501,2026-05,31,1
15,20260501,2026-05,31,1
16,20260501,2026-05,31,1
17,20260501,2026-05,31,1
18,20260501,2026-05,31,1
19,20260501,2026-05,31,1
20,20260501,2026-05,31,1
21,20260501,2026-05,31,1
22,20260501,2026-05,31,1
23,20260501,2026-05,31,1
24,20260501,2026-05,31,1
25,20260501,2026-05,31,1
26,20260501,2026-05,31,1
27,20260501,2026-05,31,1
28,20260501,2026-05,31,1
29,20260501,2026-05,31,1
30,20260501,2026-05,31,1
31,20260501,2026-05,31,1
32,20260501,2026-05,31,1
33,20260501,2026-05,31,1
34,20260501,2026-05,31,1
35,20260501,2026-05,31,1
36,20260501,2026-05,31,1
37,20260501,2026-05,31,1
38,20260501,2026-05,31,1
39,20260501,2026-05,31,1
40,20260501,2026-05,31,1
41,20260501,2026-05,31,1
42,20260501,2026-05,31,1
43,20260501,2026-05,31,1
44,20260501,2026-05,31,1
45,20260501,2026-05,31,1
46,20260501,2026-05,31,1
47,20260501,2026-05,31,1
48,20260501,2026-05,31,1
49,20260501,2026-05,31,1
50,20260501,2026-05,31,1
51,20260501,2026-05,31,1
52,20260501,2026-05,31,1
53,20260501,2026-05,31,1
54,20260501,2026-05,31,1
55,20260501,2026-05,31,1
56,20260501,2026-05,31,1
57,20260501,2026-05,31,1
58,20260501,2026-05,31,1
59,20260501,2026-05,31,1
60,20260501,2026-05,31,1
61,20260501,2026-05,31,1
62,20260501,2026-05,31,1
63,20260501,2026-05,31,1
64,20260501,2026-05,31,1
65,20260501,2026-05,31,1
66,20260501,2026-05,31,1
67,20260501,2026-05,31,1
68,20260501,2026-05,31,1
69,20260501,2026-05,31,1
70,20260501,2026-05,31,1
71,20260501,2026-05,31,1
72,20260501,2026-05,31,1
74,20260501,2026-05,31,1
75,20260501,2026-05,31,1
76,20260501,2026-05,31,1
78,20260501,2026-05,31,1
79,20260501,2026-05,31,1
80,20260501,2026-05,31,1
81,20260501,2026-05,31,1
83,20260501,2026-05,31,1
84,20260501,2026-05,31,1
85,20260501,2026-05,31,1
87,20260501,2026-05,31,1
88,20260501,2026-05,31,1
89,20260501,2026-05,31,1
90,20260501,2026-05,31,1
91,20260501,2026-05,31,1
92,20260501,2026-05,31,1
93,20260501,2026-05,31,1
94,20260501,2026-05,31,1
95,20260501,2026-05,31,1
96,20260501,2026-05,31,1
97,20260501,2026-05,31,1
98,20260501,2026-05,31,1
99,20260501,2026-05,31,1
100,20260501,2026-05,31,1
101,20260501,2026-05,31,1
102,20260501,2026-05,31,1
103,20260501,2026-05,31,1
104,20260501,2026-05,31,1
105,20260501,2026-05,31,1
107,20260501,2026-05,31,1
108,20260501,2026-05,31,1
109,20260501,2026-05,31,1
110,20260501,2026-05,31,1
111,20260501,2026-05,31,1
112,20260501,2026-05,31,1
113,20260501,2026-05,31,1
114,20260501,2026-05,12,1
115,20260501,2026-05,31,1
117,20260501,2026-05,30,1
118,20260501,2026-05,31,1
119,20260501,2026-05,31,1
120,20260501,2026-05,27,1
1,20260601,2026-06,30,1
2,20260601,2026-06,30,1
3,20260601,2026-06,30,1
4,20260601,2026-06,30,1
5,20260601,2026-06,30,1
6,20260601,2026-06,30,1
7,20260601,2026-06,30,1
8,20260601,2026-06,30,1
9,20260601,2026-06,30,1
11,20260601,2026-06,30,1
12,20260601,2026-06,30,1
13,20260601,2026-06,30,1
14,20260601,2026-06,30,1
15,20260601,2026-06,30,1
16,20260601,2026-06,30,1
17,20260601,2026-06,30,1
18,20260601,2026-06,30,1
19,20260601,2026-06,30,1
20,20260601,2026-06,30,1
21,20260601,2026-06,30,1
22,20260601,2026-06,30,1
23,20260601,2026-06,30,1
24,20260601,2026-06,30,1
25,20260601,2026-06,30,1
26,20260601,2026-06,30,1
27,20260601,2026-06,30,1
28,20260601,2026-06,30,1
29,20260601,2026-06,30,1
30,20260601,2026-06,30,1
31,20260601,2026-06,30,1
32,20260601,2026-06,30,1
33,20260601,2026-06,30,1
34,20260601,2026-06,30,1
35,20260601,2026-06,30,1
36,20260601,2026-06,30,1
37,20260601,2026-06,30,1
38,20260601,2026-06,30,1
39,20260601,2026-06,30,1
40,20260601,2026-06,30,1
41,20260601,2026-06,30,1
42,20260601,2026-06,30,1
43,20260601,2026-06,30,1
44,20260601,2026-06,30,1
45,20260601,2026-06,30,1
46,20260601,2026-06,30,1
47,20260601,2026-06,30,1
48,20260601,2026-06,30,1
49,20260601,2026-06,30,1
50,20260601,2026-06,30,1
51,20260601,2026-06,30,1
52,20260601,2026-06,30,1
53,20260601,2026-06,30,1
54,20260601,2026-06,16,1
55,20260601,2026-06,30,1
56,20260601,2026-06,30,1
57,20260601,2026-06,30,1
58,20260601,2026-06,30,1
59,20260601,2026-06,30,1
60,20260601,2026-06,30,1
61,20260601,2026-06,30,1
62,20260601,2026-06,30,1
63,20260601,2026-06,30,1
64,20260601,2026-06,30,1
65,20260601,2026-06,30,1
66,20260601,2026-06,30,1
67,20260601,2026-06,30,1
68,20260601,2026-06,30,1
69,20260601,2026-06,30,1
70,20260601,2026-06,30,1
71,20260601,2026-06,30,1
72,20260601,2026-06,30,1
74,20260601,2026-06,30,1
75,20260601,2026-06,30,1
76,20260601,2026-06,30,1
78,20260601,2026-06,30,1
79,20260601,2026-06,30,1
80,20260601,2026-06,30,1
81,20260601,2026-06,30,1
83,20260601,2026-06,30,1
84,20260601,2026-06,30,1
85,20260601,2026-06,30,1
87,20260601,2026-06,30,1
88,20260601,2026-06,30,1
89,20260601,2026-06,30,1
90,20260601,2026-06,30,1
91,20260601,2026-06,30,1
92,20260601,2026-06,30,1
93,20260601,2026-06,30,1
94,20260601,2026-06,30,1
95,20260601,2026-06,30,1
96,20260601,2026-06,30,1
97,20260601,2026-06,30,1
98,20260601,2026-06,30,1
99,20260601,2026-06,30,1
100,20260601,2026-06,30,1
101,20260601,2026-06,30,1
102,20260601,2026-06,30,1
103,20260601,2026-06,30,1
104,20260601,2026-06,30,1
105,20260601,2026-06,30,1
107,20260601,2026-06,30,1
108,20260601,2026-06,30,1
109,20260601,2026-06,30,1
110,20260601,2026-06,30,1
111,20260601,2026-06,30,1
112,20260601,2026-06,30,1
113,20260601,2026-06,30,1
114,20260601,2026-06,30,1
115,20260601,2026-06,30,1
116,20260601,2026-06,22,1
117,20260601,2026-06,30,1
118,20260601,2026-06,30,1
119,20260601,2026-06,30,1
120,20260601,2026-06,30,1
1,20260701,2026-07,31,1
2,20260701,2026-07,31,1
3,20260701,2026-07,31,1
4,20260701,2026-07,31,1
5,20260701,2026-07,31,1
6,20260701,2026-07,31,1
7,20260701,2026-07,31,1
8,20260701,2026-07,31,1
9,20260701,2026-07,31,1
11,20260701,2026-07,31,1
12,20260701,2026-07,31,1
13,20260701,2026-07,21,1
14,20260701,2026-07,31,1
15,20260701,2026-07,31,1
16,20260701,2026-07,31,1
17,20260701,2026-07,31,1
18,20260701,2026-07,31,1
19,20260701,2026-07,31,1
20,20260701,2026-07,31,1
21,20260701,2026-07,31,1
22,20260701,2026-07,31,1
23,20260701,2026-07,31,1
24,20260701,2026-07,31,1
25,20260701,2026-07,31,1
26,20260701,2026-07,31,1
27,20260701,2026-07,31,1
28,20260701,2026-07,31,1
29,20260701,2026-07,31,1
30,20260701,2026-07,31,1
31,20260701,2026-07,31,1
32,20260701,2026-07,31,1
33,20260701,2026-07,31,1
34,20260701,2026-07,31,1
35,20260701,2026-07,31,1
36,20260701,2026-07,31,1
37,20260701,2026-07,31,1
38,20260701,2026-07,31,1
39,20260701,2026-07,31,1
40,20260701,2026-07,31,1
41,20260701,2026-07,31,1
42,20260701,2026-07,31,1
43,20260701,2026-07,31,1
44,20260701,2026-07,31,1
45,20260701,2026-07,31,1
46,20260701,2026-07,31,1
47,20260701,2026-07,31,1
48,20260701,2026-07,31,1
49,20260701,2026-07,31,1
50,20260701,2026-07,31,1
51,20260701,2026-07,31,1
52,20260701,2026-07,31,1
53,20260701,2026-07,31,1
55,20260701,2026-07,31,1
56,20260701,2026-07,31,1
57,20260701,2026-07,31,1
58,20260701,2026-07,31,1
59,20260701,2026-07,31,1
60,20260701,2026-07,31,1
61,20260701,2026-07,31,1
62,20260701,2026-07,31,1
63,20260701,2026-07,31,1
64,20260701,2026-07,31,1
65,20260701,2026-07,31,1
66,20260701,2026-07,31,1
67,20260701,2026-07,31,1
68,20260701,2026-07,31,1
69,20260701,2026-07,31,1
70,20260701,2026-07,31,1
71,20260701,2026-07,31,1
72,20260701,2026-07,31,1
74,20260701,2026-07,31,1
75,20260701,2026-07,31,1
76,20260701,2026-07,31,1
78,20260701,2026-07,31,1
79,20260701,2026-07,31,1
80,20260701,2026-07,31,1
81,20260701,2026-07,31,1
83,20260701,2026-07,31,1
84,20260701,2026-07,31,1
85,20260701,2026-07,31,1
87,20260701,2026-07,31,1
88,20260701,2026-07,31,1
89,20260701,2026-07,31,1
90,20260701,2026-07,31,1
91,20260701,2026-07,31,1
92,20260701,2026-07,31,1
93,20260701,2026-07,31,1
94,20260701,2026-07,31,1
95,20260701,2026-07,31,1
96,20260701,2026-07,31,1
97,20260701,2026-07,31,1
98,20260701,2026-07,31,1
99,20260701,2026-07,31,1
100,20260701,2026-07,31,1
101,20260701,2026-07,31,1
102,20260701,2026-07,31,1
103,20260701,2026-07,31,1
104,20260701,2026-07,31,1
105,20260701,2026-07,31,1
107,20260701,2026-07,31,1
108,20260701,2026-07,31,1
109,20260701,2026-07,31,1
110,20260701,2026-07,31,1
111,20260701,2026-07,31,1
112,20260701,2026-07,31,1
113,20260701,2026-07,31,1
114,20260701,2026-07,31,1
115,20260701,2026-07,31,1
116,20260701,2026-07,31,1
117,20260701,2026-07,31,1
118,20260701,2026-07,31,1
119,20260701,2026-07,31,1
120,20260701,2026-07,31,1
1,20260801,2026-08,31,1
2,20260801,2026-08,31,1
3,20260801,2026-08,31,1
4,20260801,2026-08,31,1
5,20260801,2026-08,31,1
6,20260801,2026-08,31,1
7,20260801,2026-08,31,1
8,20260801,2026-08,31,1
9,20260801,2026-08,31,1
11,20260801,2026-08,31,1
12,20260801,2026-08,31,1
14,20260801,2026-08,31,1
15,20260801,2026-08,31,1
16,20260801,2026-08,31,1
17,20260801,2026-08,31,1
18,20260801,2026-08,31,1
19,20260801,2026-08,31,1
20,20260801,2026-08,31,1
21,20260801,2026-08,31,1
22,20260801,2026-08,31,1
23,20260801,2026-08,31,1
24,20260801,2026-08,31,1
25,20260801,2026-08,31,1
26,20260801,2026-08,31,1
27,20260801,2026-08,31,1
28,20260801,2026-08,31,1
29,20260801,2026-08,31,1
30,20260801,2026-08,31,1
31,20260801,2026-08,31,1
32,20260801,2026-08,31,1
33,20260801,2026-08,31,1
34,20260801,2026-08,31,1
35,20260801,2026-08,31,1
36,20260801,2026-08,31,1
37,20260801,2026-08,31,1
38,20260801,2026-08,31,1
39,20260801,2026-08,31,1
40,20260801,2026-08,31,1
41,20260801,2026-08,31,1
42,20260801,2026-08,31,1
43,20260801,2026-08,31,1
44,20260801,2026-08,31,1
45,20260801,2026-08,31,1
46,20260801,2026-08,31,1
47,20260801,2026-08,31,1
48,20260801,2026-08,31,1
49,20260801,2026-08,31,1
50,20260801,2026-08,31,1
51,20260801,2026-08,31,1
52,20260801,2026-08,31,1
53,20260801,2026-08,31,1
55,20260801,2026-08,31,1
56,20260801,2026-08,31,1
57,20260801,2026-08,31,1
58,20260801,2026-08,31,1
59,20260801,2026-08,31,1
60,20260801,2026-08,31,1
61,20260801,2026-08,31,1
62,20260801,2026-08,31,1
63,20260801,2026-08,31,1
64,20260801,2026-08,31,1
65,20260801,2026-08,31,1
66,20260801,2026-08,31,1
67,20260801,2026-08,31,1
68,20260801,2026-08,31,1
69,20260801,2026-08,31,1
70,20260801,2026-08,31,1
71,20260801,2026-08,31,1
72,20260801,2026-08,31,1
74,20260801,2026-08,31,1
75,20260801,2026-08,31,1
76,20260801,2026-08,31,1
78,20260801,2026-08,31,1
79,20260801,2026-08,31,1
80,20260801,2026-08,31,1
81,20260801,2026-08,31,1
83,20260801,2026-08,31,1
84,20260801,2026-08,31,1
85,20260801,2026-08,31,1
87,20260801,2026-08,31,1
88,20260801,2026-08,31,1
89,20260801,2026-08,31,1
90,20260801,2026-08,31,1
91,20260801,2026-08,31,1
92,20260801,2026-08,31,1
93,20260801,2026-08,31,1
94,20260801,2026-08,31,1
95,20260801,2026-08,31,1
96,20260801,2026-08,31,1
97,20260801,2026-08,31,1
98,20260801,2026-08,31,1
99,20260801,2026-08,31,1
100,20260801,2026-08,31,1
101,20260801,2026-08,31,1
102,20260801,2026-08,31,1
103,20260801,2026-08,31,1
104,20260801,2026-08,31,1
105,20260801,2026-08,31,1
107,20260801,2026-08,31,1
108,20260801,2026-08,31,1
109,20260801,2026-08,31,1
110,20260801,2026-08,31,1
111,20260801,2026-08,31,1
112,20260801,2026-08,31,1
113,20260801,2026-08,31,1
114,20260801,2026-08,31,1
115,20260801,2026-08,31,1
116,20260801,2026-08,31,1
117,20260801,2026-08,31,1
118,20260801,2026-08,31,1
119,20260801,2026-08,31,1
120,20260801,2026-08,31,1
