EmployeeKey,TargetPeriodDateKey,FeaturePeriod,TargetPeriod,Probability,Method,ModelVersion
1,20260901,2026-08,2026-09,0.07386833697460242,model,risk-lr-20260929165253
2,20260901,2026-08,2026-09,0.25936894226469,model,risk-lr-20260929165253
3,20260901,2026-08,2026-09,0.5100420865668558,model,risk-lr-20260929165253
4,20260901,2026-08,2026-09,0.688424569958446,model,risk-lr-20260929165253
6,20260901,2026-08,2026-09,0.15294099546334297,model,risk-lr-20260929165253
7,20260901,2026-08,2026-09,0.17512251921122388,model,risk-lr-20260929165253
8,20260901,2026-08,2026-09,0.01779345695360157,model,risk-lr-20260929165253
9,20260901,2026-08,2026-09,0.05843931775961137,model,risk-lr-20260929165253
11,20260901,2026-08,2026-09,0.9752592481059904,model,risk-lr-20260929165253
15,20260901,2026-08,2026-09,0.9930968523635123,model,risk-lr-20260929165253
16,20260901,2026-08,2026-09,0.6626762020833507,model,risk-lr-20260929165253
17,20260901,2026-08,2026-09,0.15015091070351705,model,risk-lr-20260929165253
18,20260901,2026-08,2026-09,0.6315191602919664,model,risk-lr-20260929165253
19,20260901,2026-08,2026-09,0.7489500630945025,model,risk-lr-20260929165253
20,20260901,2026-08,2026-09,0.18776142614219613,model,risk-lr-20260929165253
21,20260901,2026-08,2026-09,0.2540333834414899,model,risk-lr-20260929165253
22,20260901,2026-08,2026-09,0.04856089037128734,model,risk-lr-20260929165253
23,20260901,2026-08,2026-09,0.10838047002446659,model,risk-lr-20260929165253
24,20260901,2026-08,2026-09,0.08884397079968555,model,risk-lr-20260929165253
25,20260901,2026-08,2026-09,0.14382378905135174,model,risk-lr-20260929165253
26,20260901,2026-08,2026-09,0.4876139577336775,model,risk-lr-20260929165253
27,20260901,2026-08,2026-09,0.02540507995782706,model,risk-lr-20260929165253
28,20260901,2026-08,2026-09,0.1585540310359073,model,risk-lr-20260929165253
29,20260901,2026-08,2026-09,0.1793656290599735,model,risk-lr-20260929165253
30,20260901,2026-08,2026-09,0.6346821946262116,model,risk-lr-20260929165253
31,20260901,2026-08,2026-09,0.2345411460622006,model,risk-lr-20260929165253
32,20260901,2026-08,2026-09,0.8333220196475378,model,risk-lr-20260929165253
33,20260901,2026-08,2026-09,0.11657712088748773,model,risk-lr-20260929165253
34,20260901,2026-08,2026-09,0.43725275256433865,model,risk-lr-20260929165253
35,20260901,2026-08,2026-09,0.9052120552542873,model,risk-lr-20260929165253
36,20260901,2026-08,2026-09,0.823932194381709,model,risk-lr-20260929165253
37,20260901,2026-08,2026-09,0.025913534066041043,model,risk-lr-20260929165253
38,20260901,2026-08,2026-09,0.004226538850420433,model,risk-lr-20260929165253
39,20260901,2026-08,2026-09,0.2660639063859933,model,risk-lr-20260929165253
40,20260901,2026-08,2026-09,0.10647321164684855,model,risk-lr-20260929165253
41,20260901,2026-08,2026-09,0.44600311023773165,model,risk-lr-20260929165253
42,20260901,2026-08,2026-09,0.10784129018504826,model,risk-lr-20260929165253
43,20260901,2026-08,2026-09,0.05863973063522226,model,risk-lr-20260929165253
44,20260901,2026-08,2026-09,0.17412945364927798,model,risk-lr-20260929165253
45,20260901,2026-08,2026-09,0.07323772507380907,model,risk-lr-20260929165253
46,20260901,2026-08,2026-09,0.9679704307727227,model,risk-lr-20260929165253
47,20260901,2026-08,2026-09,0.1510911392144034,model,risk-lr-20260929165253
48,20260901,2026-08,2026-09,0.03745257124655454,model,risk-lr-20260929165253
49,20260901,2026-08,2026-09,0.18228195591128016,model,risk-lr-20260929165253
50,20260901,2026-08,2026-09,0.006854056153587772,model,risk-lr-20260929165253
51,20260901,2026-08,2026-09,0.48000261206768646,model,risk-lr-20260929165253
52,20260901,2026-08,2026-09,0.4318032677564606,model,risk-lr-20260929165253
53,20260901,2026-08,2026-09,0.02926561936108912,model,risk-lr-20260929165253
55,20260901,2026-08,2026-09,0.11032911413374331,model,risk-lr-20260929165253
56,20260901,2026-08,2026-09,0.007627742476908527,model,risk-lr-20260929165253
57,20260901,2026-08,2026-09,0.011695854319448936,model,risk-lr-20260929165253
58,20260901,2026-08,2026-09,0.013750901803681076,model,risk-lr-20260929165253
59,20260901,2026-08,2026-09,0.0022735805520060306,model,risk-lr-20260929165253
60,20260901,2026-08,2026-09,0.15105482211160703,model,risk-lr-20260929165253
61,20260901,2026-08,2026-09,0.13340387512683763,model,risk-lr-20260929165253
62,20260901,2026-08,2026-09,0.3309333006668319,model,risk-lr-20260929165253
63,20260901,2026-08,2026-09,0.006698857221655945,model,risk-lr-20260929165253
64,20260901,2026-08,2026-09,0.07829741589635941,model,risk-lr-20260929165253
65,20260901,2026-08,2026-09,0.5195283160239,model,risk-lr-20260929165253
66,20260901,2026-08,2026-09,0.7520664983655128,model,risk-lr-20260929165253
67,20260901,2026-08,2026-09,0.14442756613824426,model,risk-lr-20260929165253
68,20260901,2026-08,2026-09,0.8903112376137459,model,risk-lr-20260929165253
69,20260901,2026-08,2026-09,0.7840709356664649,model,risk-lr-20260929165253
70,20260901,2026-08,2026-09,0.1306093835429303,model,risk-lr-20260929165253
71,20260901,2026-08,2026-09,0.9592016919432965,model,risk-lr-20260929165253
72,20260901,2026-08,2026-09,0.3942304995981512,model,risk-lr-20260929165253
74,20260901,2026-08,2026-09,0.34275491052967666,model,risk-lr-20260929165253
75,20260901,2026-08,2026-09,0.1066126715613775,model,risk-lr-20260929165253
76,20260901,2026-08,2026-09,0.0083891290201677,model,risk-lr-20260929165253
78,20260901,2026-08,2026-09,0.20743169689397342,model,risk-lr-20260929165253
79,20260901,2026-08,2026-09,0.5939859835808766,model,risk-lr-20260929165253
80,20260901,2026-08,2026-09,0.07518994956893127,model,risk-lr-20260929165253
81,20260901,2026-08,2026-09,0.4073374948137999,model,risk-lr-20260929165253
83,20260901,2026-08,2026-09,0.1274329928311784,model,risk-lr-20260929165253
84,20260901,2026-08,2026-09,0.0046622467903253235,model,risk-lr-20260929165253
85,20260901,2026-08,2026-09,0.03417876486862232,model,risk-lr-20260929165253
87,20260901,2026-08,2026-09,0.026876603836861572,model,risk-lr-20260929165253
89,20260901,2026-08,2026-09,0.4919227964520483,model,risk-lr-20260929165253
90,20260901,2026-08,2026-09,0.6820459417854807,model,risk-lr-20260929165253
91,20260901,2026-08,2026-09,0.034161884633045224,model,risk-lr-20260929165253
92,20260901,2026-08,2026-09,0.7869718004034644,model,risk-lr-20260929165253
93,20260901,2026-08,2026-09,0.12140256028106576,model,risk-lr-20260929165253
94,20260901,2026-08,2026-09,0.02144774785771013,model,risk-lr-20260929165253
95,20260901,2026-08,2026-09,0.25123096131839207,model,risk-lr-20260929165253
96,20260901,2026-08,2026-09,0.02615160125253316,model,risk-lr-20260929165253
97,20260901,2026-08,2026-09,0.630818935636856,model,risk-lr-20260929165253
98,20260901,2026-08,2026-09,0.2696239112594495,model,risk-lr-20260929165253
99,20260901,2026-08,2026-09,0.0895035840907703,model,risk-lr-20260929165253
100,20260901,2026-08,2026-09,0.5698005188041864,model,risk-lr-20260929165253
101,20260901,2026-08,2026-09,0.024933241820814286,model,risk-lr-20260929165253
102,20260901,2026-08,2026-09,0.42369227775673884,model,risk-lr-20260929165253
103,20260901,2026-08,2026-09,0.053547414196310136,model,risk-lr-20260929165253
104,20260901,2026-08,2026-09,0.01387234690126257,model,risk-lr-20260929165253
105,20260901,2026-08,2026-09,0.03928925281078634,model,risk-lr-20260929165253
107,20260901,2026-08,2026-09,0.7574772001347237,model,risk-lr-20260929165253
108,20260901,2026-08,2026-09,0.011450489572814443,model,risk-lr-20260929165253
109,20260901,2026-08,2026-09,0.632455190558384,model,risk-lr-20260929165253
110,20260901,2026-08,2026-09,0.030064767871750612,model,risk-lr-20260929165253
111,20260901,2026-08,2026-09,0.03673311010296269,model,risk-lr-20260929165253
113,20260901,2026-08,2026-09,0.21209337661081673,model,risk-lr-20260929165253
114,20260901,2026-08,2026-09,0.04203056283395126,model,risk-lr-20260929165253
116,20260901,2026-08,2026-09,0.3662009864279646,model,risk-lr-20260929165253
117,20260901,2026-08,2026-09,0.012873489793387507,model,risk-lr-20260929165253
118,20260901,2026-08,2026-09,0.892152171955228,model,risk-lr-20260929165253
120,20260901,2026-08,2026-09,0.06710304580036118,model,risk-lr-20260929165253
